nationId,nation,unitDataId,unit
0,Germany,0,Officer
0,Germany,1,Volkssturm
0,Germany,2,Riflemen
0,Germany,3,MedicSquad
0,Germany,4,Engineers
0,Germany,5,Stormtroopers
0,Germany,6,Machinegunner
0,Germany,7,Paratroopers
0,Germany,8,Grenadiers
0,Germany,9,Flamethrower
0,Germany,10,Sniper
0,Germany,11,Saboteur
0,Germany,12,Panzershrek
0,Germany,13,SupplyTruckHeavy
0,Germany,14,Panzer3
0,Germany,15,Sdkfz222
0,Germany,16,Panzer4
0,Germany,17,Stug3
0,Germany,18,Tiger1
0,Germany,19,Hummel
0,Germany,20,FieldArtillery_G
3,USA,0,Officer
3,USA,1,Rookies
3,USA,2,Riflemen
3,USA,3,MedicSquad
3,USA,4,Engineers
3,USA,5,Flamethrower
3,USA,6,Marines
3,USA,7,Machinegunner
3,USA,8,Sniper
3,USA,9,Saboteur
3,USA,10,Bazooka
3,USA,11,Airborn
3,USA,12,Rangers
3,USA,13,SupplyTruckHeavy
3,USA,14,M8Greyhound
3,USA,15,M3Lee
3,USA,16,M4Sherman
3,USA,17,M36Jackson
3,USA,18,M26Pershing
3,USA,19,M7Priest
3,USA,20,FieldArtillery_USA
1,USSR,0,Officer
1,USSR,1,Partisans
1,USSR,2,Riflemen
1,USSR,3,Bazooka
1,USSR,4,MedicSquad
1,USSR,5,Engineers
1,USSR,6,Flamethrower
1,USSR,7,Sniper
1,USSR,8,Saboteur
1,USSR,9,Assault
1,USSR,10,MachinegunnerNKVS
1,USSR,11,Marines
1,USSR,12,Guards
1,USSR,13,BA64
1,USSR,14,BT7
1,USSR,15,T3485
1,USSR,16,KV1
1,USSR,17,SU100
1,USSR,18,ISU152
1,USSR,19,SupplyTruckHeavy
1,USSR,20,FieldArtillery_USSR
